cv_rmse,test_source_rmse,test_target_rmse,genetic_importance,geographic_importance,syntactic_importance,inventory_importance,phonological_importance,featural_importance,eta,n_estimators,cv_rmse_se,test_source_rmse_se,test_target_rmse_se,lang,nlperf_only,dataset_features,lang_features,with_trfm,with_small100_ft,with_small100_noft,with_model_noft
14.38441448071631,14.07238770448196,8.136669593661125,0.18352214,0.11768391,0.1388964,0.16900647,0.18124835,0.20964277,0.08615170750506582,3050.0,0.0556574378713078,1.4794837381951769,1.0968952086512058,amh,False,False,True,False,False,False,False
14.134548901027102,17.125792438188956,13.385699693265678,0.2711176,0.10642334,0.13205886,0.15455136,0.1565769,0.17927194,0.04998940324573343,3500.0,0.0908168811445483,0.5217965571215629,1.2246129298119577,tgl,False,False,True,False,False,False,False
14.173449317690139,17.293135869063345,11.16199694254818,0.17037316,0.121197894,0.14096156,0.17070456,0.18475115,0.21201174,0.0802172807856101,3850.0,0.09939450162201295,2.08876811268664,1.1844239613669523,arz,False,False,True,False,False,False,False
14.213573839423603,18.282195177767484,18.3193576998665,0.20604925,0.1133879,0.13358465,0.1623956,0.17325199,0.21133061,0.07633413905196186,3550.0,0.04424928694667698,3.3981838987228827,3.2724255094222503,zul,False,False,True,False,False,False,False
13.762842942679004,18.929443619064962,18.65616389553797,0.30277064,0.10256223,0.13251083,0.14625075,0.14551142,0.17039417,0.054267650492952534,2700.0,0.047514608266279554,0.12950117533988276,0.8088676685798444,mar,False,False,True,False,False,False,False
14.378298277176606,21.195509328124892,22.685818907539403,0.17270258,0.12706293,0.14094944,0.16872983,0.17682704,0.21372816,0.0895945293799127,3600.0,0.13811000186823247,6.758982819779156,8.322408826181777,hye,False,False,True,False,False,False,False
14.263382354364598,17.80984733465329,18.292108576551474,0.14523065,0.123362854,0.1442382,0.17519164,0.18898973,0.2229869,0.08943349010416332,4450.0,0.0995559787564396,3.9359241406255236,2.39881766693065,xho,False,False,True,False,False,False,False
14.34558612215705,11.524680967171758,12.102175875039155,0.16657159,0.120810255,0.13965425,0.16832647,0.1892908,0.2153466,0.09455852125868128,3200.0,0.07313681466079136,2.0689578578536665,2.6537252420288158,kan,False,False,True,False,False,False,False
14.101977689317176,17.287995431212988,25.376824150419765,0.2015316,0.11336293,0.1312746,0.17393489,0.17636761,0.20352836,0.06861530981979033,3200.0,0.06784622607485352,5.431399250762691,9.436482227409101,mya,False,False,True,False,False,False,False
14.11076548546464,18.150538775991357,17.995944860629457,0.20611914,0.11618702,0.14512365,0.16550417,0.17891553,0.18815044,0.06816401370791952,3150.0,0.042572670228471776,0.6157121067631597,2.4132666215113354,jav,False,False,True,False,False,False,False
14.578632161296827,16.636825243986102,18.90141063311497,0.20455953,0.115952216,0.13202932,0.16945393,0.17509,0.202915,0.06168930087826681,3450.0,0.22267966158150745,1.6338415638280954,1.656785608073755,tam,False,False,True,False,False,False,False
14.364402677095493,24.948120236756267,20.414749726262066,0.09325496,0.13103643,0.16114198,0.19143957,0.20074658,0.22238044,0.03780331533525161,3650.0,0.034157568800134964,2.3885543542112,2.5131719304220357,afr,False,False,True,False,False,False,False
14.123578520315396,19.47309597053249,21.269579481558438,0.2046928,0.11740039,0.13748185,0.16497043,0.17842075,0.1970338,0.05987322313622827,3550.0,0.02767549882111675,8.957949876221148,10.348741933079221,ind,False,False,True,False,False,False,False
14.32827793636937,12.31860261374532,12.87537352068351,0.18415055,0.118859194,0.14023595,0.16668573,0.18331175,0.20675686,0.08841021754289165,2900.0,0.12805780670110242,1.7171456972386392,1.219139461395464,som,False,False,True,False,False,False,False
14.123293595739199,17.925134911857857,12.494865549460048,0.18656914,0.11777909,0.1419445,0.16895208,0.17930213,0.20545308,0.08770527644242898,2650.0,0.06276442189382211,5.421509747898072,1.510917217123821,wol,False,False,True,False,False,False,False
13.890024813500503,14.424258744992844,39.90294540334837,0.17068352,0.1258258,0.15044567,0.16802084,0.16634081,0.21868336,0.0919790724848486,3650.0,0.04800346784797553,1.2769055592387604,3.0054381062563875,ewe,False,False,True,False,False,False,False
14.225021657364362,14.208527559599279,25.549529382725247,0.17690285,0.12028549,0.14136037,0.16988412,0.18090433,0.21066281,0.07883386488131872,3900.0,0.0607455480216744,1.3980819593984521,1.6350875419025912,khm,False,False,True,False,False,False,False
14.083760705945107,25.260435039193272,19.703898915670216,0.2075628,0.11241007,0.13336742,0.16513097,0.17581785,0.20571092,0.0690217265887999,2800.0,0.049094423251782295,3.7462400181816675,3.1359694825093185,bak,False,False,True,False,False,False,False
14.145406284720664,15.170441751067875,18.378130152448318,0.19986066,0.11272515,0.13320874,0.16370788,0.1830174,0.20748016,0.06500897408945948,3350.0,0.044918988168154754,3.389346344079966,2.9924697841695584,plt,False,False,True,False,False,False,False
14.071139323682516,16.829463876801107,23.482902128787124,0.14147767,0.12015408,0.1447701,0.17526284,0.18222693,0.23610838,0.0834919312045999,3350.0,0.05740237456574462,1.8135737342991876,4.494850169815628,kat,False,False,True,False,False,False,False
14.21459878684546,8.583866003432174,11.88403238586795,0.23759227,0.10752083,0.13810498,0.16238141,0.16545568,0.18894482,0.04350160363678239,3650.0,0.018093334565803153,1.917553023797874,0.7885012073451428,hau,False,False,True,False,False,False,False
14.252908812839038,14.6318155070313,10.138128423714955,0.19041839,0.1172505,0.13493153,0.1684269,0.17722742,0.21174523,0.08378724007260949,3250.0,0.09150788877052764,3.2849719995894295,1.589468877792953,pan,False,False,True,False,False,False,False
14.210539470748012,19.086954586042665,19.89326863925218,0.15532479,0.12413339,0.14568658,0.17925961,0.18654071,0.20905492,0.09601552750769035,3550.0,0.04200517863087987,2.7508711232457213,7.182455293426345,ceb,False,False,True,False,False,False,False
14.204264121880978,12.97845681739194,16.152278502540657,0.20180373,0.11226151,0.13885722,0.16637656,0.17214575,0.20855522,0.06099010668718498,3950.0,0.10002172740855957,1.395481282613907,0.9381554330109636,sna,False,False,True,False,False,False,False
14.084503519200783,19.425402299627176,21.641097195522853,0.1765497,0.100645825,0.14042854,0.17020293,0.18294741,0.22922564,0.06663071116425924,3700.0,0.10179699601463539,1.0814961773285385,2.3444550759573937,mri,False,False,True,False,False,False,False
14.185304109701466,9.000099276836309,14.316648339096002,0.17117746,0.11932937,0.13933717,0.17350972,0.18695101,0.20969525,0.08600270839929695,3350.0,0.03861026376868555,0.7729302231815066,1.9455305776455991,ibo,False,False,True,False,False,False,False
